date_only,Weekday,Season,day_type,Hanze,RUG,Staff,total_checkins_per_day,daily_men_checkins,daily_women_checkins
2018-08-01,Wednesday,Summer,holiday,26,63,38,127,106,21
2018-08-02,Thursday,Summer,holiday,18,63,26,107,86,21
2018-08-03,Friday,Summer,holiday,21,66,31,118,99,19
2018-08-06,Monday,Summer,holiday,35,91,44,170,142,28
2018-08-07,Tuesday,Summer,holiday,26,59,31,116,100,16
2018-08-08,Wednesday,Summer,holiday,30,72,37,139,106,33
2018-08-09,Thursday,Summer,holiday,32,68,27,127,100,27
2018-08-10,Friday,Summer,holiday,42,75,25,142,108,34
2018-08-13,Monday,Summer,holiday,34,96,35,165,127,38
2018-08-14,Tuesday,Summer,holiday,26,83,24,133,102,31
2018-08-15,Wednesday,Summer,holiday,1,6,2,9,2,7
2018-08-16,Thursday,Summer,holiday,8,29,9,46,29,17
2018-08-17,Friday,Summer,holiday,15,32,16,63,43,20
2018-08-20,Monday,Summer,holiday,2,1,2,5,5,0
2018-08-21,Tuesday,Summer,holiday,16,30,11,57,48,9
2018-08-22,Wednesday,Summer,holiday,23,37,20,80,56,24
2018-08-23,Thursday,Summer,holiday,14,31,11,56,38,18
2018-08-24,Friday,Summer,holiday,11,30,10,51,29,22
2018-08-25,Saturday,Summer,holiday,8,11,6,25,17,8
2018-08-26,Sunday,Summer,holiday,2,16,10,28,22,6
2018-08-27,Monday,Summer,holiday,10,26,11,47,36,11
2018-08-28,Tuesday,Summer,holiday,7,26,9,42,35,7
2018-08-29,Wednesday,Summer,holiday,16,31,9,56,34,22
2018-08-30,Thursday,Summer,holiday,8,22,10,40,31,9
2018-08-31,Friday,Summer,holiday,13,33,9,55,40,15
2018-09-01,Saturday,Fall,holiday,6,32,2,40,25,15
2018-09-02,Sunday,Fall,holiday,5,19,4,28,16,12
2018-09-03,Monday,Fall,lecture,11,57,4,72,55,17
2018-09-04,Tuesday,Fall,lecture,14,56,1,71,58,13
2018-09-05,Wednesday,Fall,lecture,11,51,4,66,46,20
2018-09-06,Thursday,Fall,lecture,13,64,2,79,56,23
2018-09-07,Friday,Fall,lecture,20,60,2,82,59,23
2018-09-08,Saturday,Fall,holiday,7,36,6,49,35,14
2018-09-09,Sunday,Fall,holiday,11,30,2,43,32,11
2018-09-10,Monday,Fall,lecture,24,76,5,105,66,39
2018-09-11,Tuesday,Fall,lecture,24,54,7,85,64,21
2018-09-12,Wednesday,Fall,lecture,26,53,2,81,62,19
2018-09-13,Thursday,Fall,lecture,14,82,4,100,72,28
2018-09-14,Friday,Fall,lecture,45,115,15,175,137,38
2018-09-15,Saturday,Fall,holiday,17,74,11,102,66,36
2018-09-16,Sunday,Fall,holiday,21,47,7,75,55,20
2018-09-17,Monday,Fall,lecture,51,143,12,206,144,62
2018-09-18,Tuesday,Fall,lecture,29,124,9,162,118,44
2018-09-19,Wednesday,Fall,lecture,3,10,1,14,5,9
2018-09-20,Thursday,Fall,lecture,26,57,3,86,58,28
2018-09-21,Friday,Fall,lecture,16,55,1,72,44,28
2018-09-23,Sunday,Fall,holiday,6,9,0,15,12,3
2018-09-24,Monday,Fall,lecture,31,55,1,87,62,25
2018-09-25,Tuesday,Fall,lecture,101,225,17,343,259,84
2018-09-26,Wednesday,Fall,lecture,117,284,16,417,310,107
2018-09-27,Thursday,Fall,lecture,87,257,24,368,288,80
2018-09-28,Friday,Fall,lecture,78,213,26,317,235,82
2018-09-29,Saturday,Fall,holiday,50,145,14,209,149,60
2018-09-30,Sunday,Fall,holiday,43,113,16,172,125,47
2018-10-01,Monday,Fall,lecture,125,275,39,439,349,90
2018-10-02,Tuesday,Fall,lecture,111,288,19,418,321,97
2018-10-03,Wednesday,Fall,lecture,117,277,25,419,316,103
2018-10-04,Thursday,Fall,lecture,99,267,17,383,288,95
2018-10-05,Friday,Fall,lecture,98,219,24,341,253,88
2018-10-06,Saturday,Fall,holiday,51,145,16,212,153,59
2018-10-07,Sunday,Fall,holiday,36,123,20,179,132,47
2018-10-08,Monday,Fall,lecture,122,310,43,475,366,109
2018-10-09,Tuesday,Fall,lecture,145,287,37,469,344,125
2018-10-10,Wednesday,Fall,lecture,116,281,25,422,303,119
2018-10-11,Thursday,Fall,lecture,109,265,30,404,321,83
2018-10-12,Friday,Fall,lecture,92,241,15,348,258,90
2018-10-13,Saturday,Fall,holiday,49,124,17,190,144,46
2018-10-14,Sunday,Fall,holiday,47,132,13,192,140,52
2018-10-15,Monday,Fall,lecture,131,355,40,526,412,114
2018-10-16,Tuesday,Fall,lecture,96,278,26,400,304,96
2018-10-17,Wednesday,Fall,lecture,126,294,30,450,327,123
2018-10-18,Thursday,Fall,lecture,97,310,26,433,326,107
2018-10-19,Friday,Fall,lecture,78,242,25,345,258,87
2018-10-20,Saturday,Fall,holiday,43,139,20,202,153,49
2018-10-21,Sunday,Fall,holiday,32,131,19,182,135,47
2018-10-22,Monday,Fall,lecture,111,543,63,717,555,162
2018-10-23,Tuesday,Fall,lecture,56,242,36,334,267,67
2018-10-24,Wednesday,Fall,lecture,65,278,32,375,268,107
2018-10-25,Thursday,Fall,lecture,56,265,26,347,261,86
2018-10-26,Friday,Fall,lecture,55,198,25,278,221,57
2018-10-27,Saturday,Fall,holiday,33,196,13,242,187,55
2018-10-28,Sunday,Fall,holiday,33,120,18,171,139,32
2018-10-29,Monday,Fall,exam,86,230,33,349,273,76
2018-10-30,Tuesday,Fall,exam,114,285,31,430,321,109
2018-10-31,Wednesday,Fall,exam,99,222,30,351,258,93
2018-11-01,Thursday,Fall,exam,71,214,14,299,231,68
2018-11-02,Friday,Fall,exam,93,204,18,315,205,110
2018-11-03,Saturday,Fall,holiday,35,87,20,142,108,34
2018-11-04,Sunday,Fall,holiday,35,126,20,181,136,45
2018-11-05,Monday,Fall,exam,105,241,47,393,294,99
2018-11-06,Tuesday,Fall,exam,93,212,40,345,267,78
2018-11-07,Wednesday,Fall,exam,97,234,26,357,261,96
2018-11-08,Thursday,Fall,exam,84,169,26,279,220,59
2018-11-09,Friday,Fall,exam,84,151,25,260,201,59
2018-11-10,Saturday,Fall,holiday,35,117,24,176,132,44
2018-11-11,Sunday,Fall,holiday,44,128,24,196,145,51
2018-11-12,Monday,Fall,lecture,107,303,37,447,355,92
2018-11-13,Tuesday,Fall,lecture,118,292,25,435,331,104
2018-11-14,Wednesday,Fall,lecture,94,302,36,432,321,111
2018-11-15,Thursday,Fall,lecture,98,299,25,422,312,110
2018-11-16,Friday,Fall,lecture,66,217,25,308,230,78
2018-11-17,Saturday,Fall,holiday,51,143,16,210,156,54
2018-11-18,Sunday,Fall,holiday,44,138,24,206,160,46
2018-11-19,Monday,Fall,lecture,134,313,45,492,375,117
2018-11-20,Tuesday,Fall,lecture,103,308,32,443,348,95
2018-11-21,Wednesday,Fall,lecture,122,275,32,429,296,133
2018-11-22,Thursday,Fall,lecture,114,284,21,419,304,115
2018-11-23,Friday,Fall,lecture,80,215,27,322,264,58
2018-11-24,Saturday,Fall,holiday,44,119,20,183,133,50
2018-11-25,Sunday,Fall,holiday,64,107,20,191,143,48
2018-11-26,Monday,Fall,lecture,151,303,43,497,386,111
2018-11-27,Tuesday,Fall,lecture,123,288,34,445,347,98
2018-11-28,Wednesday,Fall,lecture,118,256,35,409,303,106
2018-11-29,Thursday,Fall,lecture,96,251,30,377,296,81
2018-11-30,Friday,Fall,lecture,78,255,32,365,295,70
2018-12-01,Saturday,Winter,holiday,54,98,13,165,130,35
2018-12-02,Sunday,Winter,holiday,42,125,14,181,137,44
2018-12-03,Monday,Winter,lecture,136,298,41,475,372,103
2018-12-04,Tuesday,Winter,lecture,117,288,39,444,344,100
2018-12-05,Wednesday,Winter,lecture,139,282,25,446,334,112
2018-12-06,Thursday,Winter,lecture,103,261,23,387,300,87
2018-12-07,Friday,Winter,lecture,79,197,18,294,220,74
2018-12-08,Saturday,Winter,holiday,48,112,22,182,142,40
2018-12-09,Sunday,Winter,holiday,52,120,21,193,142,51
2018-12-10,Monday,Winter,lecture,125,261,36,422,343,79
2018-12-11,Tuesday,Winter,lecture,147,299,36,482,374,108
2018-12-12,Wednesday,Winter,lecture,251,447,52,750,541,209
2018-12-13,Thursday,Winter,lecture,66,229,22,317,255,62
2018-12-14,Friday,Winter,lecture,92,231,20,343,263,80
2018-12-15,Saturday,Winter,holiday,32,114,19,165,136,29
2018-12-16,Sunday,Winter,holiday,29,112,23,164,125,39
2018-12-17,Monday,Winter,lecture,127,249,30,406,315,91
2018-12-18,Tuesday,Winter,lecture,74,209,33,316,255,61
2018-12-19,Wednesday,Winter,lecture,66,120,7,193,140,53
2018-12-20,Thursday,Winter,lecture,47,146,10,203,162,41
2018-12-21,Friday,Winter,lecture,28,141,17,186,157,29
2018-12-22,Saturday,Winter,holiday,21,54,10,85,65,20
2018-12-23,Sunday,Winter,holiday,20,73,15,108,91,17
2018-12-24,Monday,Winter,holiday,13,48,16,77,63,14
2018-12-26,Wednesday,Winter,holiday,15,28,6,49,43,6
2018-12-27,Thursday,Winter,holiday,16,52,17,85,69,16
2018-12-28,Friday,Winter,holiday,24,70,14,108,79,29
2018-12-29,Saturday,Winter,holiday,22,53,18,93,79,14
2018-12-30,Sunday,Winter,holiday,29,74,13,116,83,33
2019-01-02,Wednesday,Winter,holiday,33,89,29,151,120,31
2019-01-03,Thursday,Winter,holiday,37,104,26,167,134,33
2019-01-04,Friday,Winter,holiday,48,88,25,161,132,29
2019-01-05,Saturday,Winter,holiday,47,112,17,176,139,37
2019-01-06,Sunday,Winter,holiday,77,120,15,212,168,44
2019-01-07,Monday,Winter,lecture,178,330,45,553,453,100
2019-01-08,Tuesday,Winter,lecture,167,284,32,483,387,96
2019-01-09,Wednesday,Winter,lecture,137,323,42,502,420,82
2019-01-10,Thursday,Winter,lecture,115,225,31,371,295,76
2019-01-11,Friday,Winter,lecture,159,267,49,475,379,96
2019-01-12,Saturday,Winter,holiday,75,185,19,279,217,62
2019-01-13,Sunday,Winter,holiday,71,180,28,279,218,61
2019-01-14,Monday,Winter,exam,172,321,44,537,424,113
2019-01-15,Tuesday,Winter,exam,150,332,37,519,410,109
2019-01-16,Wednesday,Winter,exam,147,323,40,510,389,121
2019-01-17,Thursday,Winter,exam,109,223,33,365,288,77
2019-01-18,Friday,Winter,exam,89,242,28,359,278,81
2019-01-19,Saturday,Winter,holiday,75,147,25,247,191,56
2019-01-20,Sunday,Winter,holiday,46,132,22,200,152,48
2019-01-21,Monday,Winter,exam,106,221,34,361,298,63
2019-01-22,Tuesday,Winter,exam,113,204,38,355,284,71
2019-01-23,Wednesday,Winter,exam,112,250,30,392,292,100
2019-01-24,Thursday,Winter,exam,73,215,20,308,242,66
2019-01-25,Friday,Winter,exam,105,262,53,420,354,66
2019-01-26,Saturday,Winter,holiday,59,137,15,211,167,44
2019-01-27,Sunday,Winter,holiday,52,127,19,198,153,45
2019-01-28,Monday,Winter,exam,121,290,40,451,369,82
2019-01-29,Tuesday,Winter,exam,100,222,31,353,285,68
2019-01-30,Wednesday,Winter,exam,101,212,34,347,261,86
2019-01-31,Thursday,Winter,exam,96,181,37,314,242,72
2019-02-01,Friday,Winter,exam,75,136,25,236,189,47
2019-02-02,Saturday,Winter,holiday,42,108,16,166,133,33
2019-02-03,Sunday,Winter,holiday,34,115,21,170,130,40
2019-02-04,Monday,Winter,lecture,115,295,34,444,359,85
2019-02-05,Tuesday,Winter,lecture,116,326,48,490,381,109
2019-02-06,Wednesday,Winter,lecture,110,328,28,466,367,99
2019-02-07,Thursday,Winter,lecture,78,290,37,405,322,83
2019-02-08,Friday,Winter,lecture,88,265,33,386,298,88
2019-02-09,Saturday,Winter,holiday,50,126,17,193,135,58
2019-02-10,Sunday,Winter,holiday,43,157,28,228,162,66
2019-02-11,Monday,Winter,lecture,146,362,31,539,418,121
2019-02-12,Tuesday,Winter,lecture,136,375,42,553,424,129
2019-02-13,Wednesday,Winter,lecture,144,366,30,540,413,127
2019-02-14,Thursday,Winter,lecture,90,275,27,392,310,82
2019-02-15,Friday,Winter,lecture,57,244,24,325,259,66
2019-02-16,Saturday,Winter,holiday,44,158,23,225,182,43
2019-02-17,Sunday,Winter,holiday,39,131,18,188,145,43
2019-02-18,Monday,Winter,lecture,80,380,40,500,390,110
2019-02-19,Tuesday,Winter,lecture,68,359,42,469,357,112
2019-02-20,Wednesday,Winter,lecture,87,328,34,449,335,114
2019-02-21,Thursday,Winter,lecture,76,329,28,433,328,105
2019-02-22,Friday,Winter,lecture,74,265,33,372,267,105
2019-02-23,Saturday,Winter,holiday,45,139,23,207,163,44
2019-02-24,Sunday,Winter,holiday,66,235,42,343,239,104
2019-02-25,Monday,Winter,lecture,150,360,38,548,412,136
2019-02-26,Tuesday,Winter,lecture,157,343,36,536,410,126
2019-02-27,Wednesday,Winter,lecture,138,325,26,489,369,120
2019-02-28,Thursday,Winter,lecture,105,290,26,421,330,91
2019-03-01,Friday,Spring,lecture,98,290,35,423,319,104
2019-03-02,Saturday,Spring,holiday,58,149,19,226,166,60
2019-03-03,Sunday,Spring,holiday,42,143,21,206,157,49
2019-03-04,Monday,Spring,lecture,143,372,36,551,427,124
2019-03-05,Tuesday,Spring,lecture,120,356,43,519,382,137
2019-03-06,Wednesday,Spring,lecture,148,332,30,510,369,141
2019-03-07,Thursday,Spring,lecture,100,318,30,448,352,96
2019-03-08,Friday,Spring,lecture,96,249,29,374,290,84
2019-03-09,Saturday,Spring,holiday,64,147,20,231,180,51
2019-03-10,Sunday,Spring,holiday,47,133,22,202,146,56
2019-03-11,Monday,Spring,lecture,137,329,38,504,385,119
2019-03-12,Tuesday,Spring,lecture,143,340,33,516,396,120
2019-03-13,Wednesday,Spring,lecture,130,310,29,469,350,119
2019-03-14,Thursday,Spring,lecture,113,310,31,454,362,92
2019-03-15,Friday,Spring,lecture,90,251,33,374,280,94
2019-03-16,Saturday,Spring,holiday,52,151,21,224,171,53
2019-03-17,Sunday,Spring,holiday,62,139,23,224,153,71
2019-03-18,Monday,Spring,lecture,142,362,38,542,435,107
2019-03-19,Tuesday,Spring,lecture,137,351,45,533,391,142
2019-03-20,Wednesday,Spring,lecture,150,357,35,542,422,120
2019-03-21,Thursday,Spring,lecture,126,288,38,452,354,98
2019-03-22,Friday,Spring,lecture,88,251,32,371,296,75
2019-03-23,Saturday,Spring,holiday,71,171,24,266,202,64
2019-03-24,Sunday,Spring,holiday,53,158,24,235,169,66
2019-03-25,Monday,Spring,exam,175,325,39,539,418,121
2019-03-26,Tuesday,Spring,exam,119,316,41,476,351,125
2019-03-27,Wednesday,Spring,exam,133,313,32,478,361,117
2019-03-28,Thursday,Spring,exam,131,314,25,470,357,113
2019-03-29,Friday,Spring,exam,123,247,35,405,304,101
2019-03-30,Saturday,Spring,holiday,56,160,19,235,173,62
2019-03-31,Sunday,Spring,holiday,47,126,14,187,145,42
2019-04-01,Monday,Spring,exam,141,277,38,456,343,113
2019-04-02,Tuesday,Spring,exam,117,241,42,400,303,97
2019-04-03,Wednesday,Spring,exam,128,266,38,432,322,110
2019-04-04,Thursday,Spring,exam,93,263,41,397,298,99
2019-04-05,Friday,Spring,exam,106,239,22,367,301,66
2019-04-06,Saturday,Spring,holiday,60,158,18,236,175,61
2019-04-07,Sunday,Spring,holiday,45,102,22,169,122,47
2019-04-08,Monday,Spring,exam,121,253,45,419,329,90
2019-04-09,Tuesday,Spring,exam,127,243,43,413,311,102
2019-04-10,Wednesday,Spring,exam,95,202,32,329,240,89
2019-04-11,Thursday,Spring,exam,113,224,44,381,294,87
2019-04-12,Friday,Spring,exam,119,218,42,379,300,79
2019-04-13,Saturday,Spring,holiday,40,124,23,187,130,57
2019-04-14,Sunday,Spring,holiday,65,128,20,213,152,61
2019-04-15,Monday,Spring,lecture,146,433,55,634,500,134
2019-04-16,Tuesday,Spring,lecture,97,309,55,461,352,109
2019-04-17,Wednesday,Spring,lecture,105,335,33,473,363,110
2019-04-18,Thursday,Spring,lecture,88,256,31,375,288,87
2019-04-19,Friday,Spring,holiday,45,122,17,184,148,36
2019-04-20,Saturday,Spring,holiday,28,139,20,187,139,48
2019-04-21,Sunday,Spring,holiday,33,105,16,154,125,29
2019-04-22,Monday,Spring,holiday,50,176,22,248,193,55
2019-04-23,Tuesday,Spring,holiday,135,329,42,506,394,112
2019-04-24,Wednesday,Spring,holiday,94,279,31,404,315,89
2019-04-25,Thursday,Spring,lecture,97,268,40,405,309,96
2019-04-26,Friday,Spring,lecture,82,263,35,380,293,87
2019-04-28,Sunday,Spring,holiday,25,151,23,199,146,53
2019-04-29,Monday,Spring,holiday,81,340,32,453,361,92
2019-04-30,Tuesday,Spring,holiday,64,305,34,403,304,99
2019-05-01,Wednesday,Spring,lecture,69,333,27,429,337,92
2019-05-02,Thursday,Spring,lecture,86,322,36,444,330,114
2019-05-03,Friday,Spring,lecture,57,264,28,349,267,82
2019-05-04,Saturday,Spring,holiday,54,171,15,240,178,62
2019-05-06,Monday,Spring,lecture,137,389,56,582,452,130
2019-05-07,Tuesday,Spring,lecture,118,344,44,506,378,128
2019-05-08,Wednesday,Spring,lecture,128,351,37,516,380,136
2019-05-09,Thursday,Spring,lecture,116,329,41,486,378,108
2019-05-10,Friday,Spring,lecture,88,312,29,429,335,94
2019-05-11,Saturday,Spring,holiday,44,131,25,200,150,50
2019-05-12,Sunday,Spring,holiday,43,125,18,186,139,47
2019-05-13,Monday,Spring,lecture,141,408,40,589,446,143
2019-05-14,Tuesday,Spring,lecture,156,360,40,556,424,132
2019-05-15,Wednesday,Spring,lecture,133,332,26,491,373,118
2019-05-16,Thursday,Spring,lecture,120,329,25,474,359,115
2019-05-17,Friday,Spring,lecture,101,262,37,400,312,88
2019-05-18,Saturday,Spring,holiday,46,157,20,223,165,58
2019-05-19,Sunday,Spring,holiday,52,138,26,216,158,58
2019-05-20,Monday,Spring,lecture,128,392,35,555,432,123
2019-05-21,Tuesday,Spring,lecture,144,327,33,504,392,112
2019-05-22,Wednesday,Spring,lecture,151,377,40,568,426,142
2019-05-23,Thursday,Spring,lecture,89,263,41,393,302,91
2019-05-24,Friday,Spring,lecture,101,264,30,395,312,83
2019-05-25,Saturday,Spring,holiday,54,126,15,195,135,60
2019-05-26,Sunday,Spring,holiday,58,124,22,204,144,60
2019-05-27,Monday,Spring,lecture,149,383,39,571,457,114
2019-05-28,Tuesday,Spring,lecture,119,328,31,478,369,109
2019-05-29,Wednesday,Spring,lecture,120,297,36,453,359,94
2019-05-30,Thursday,Spring,holiday,62,197,13,272,192,80
2019-05-31,Friday,Spring,lecture,94,260,36,390,298,92
2019-06-01,Saturday,Summer,holiday,48,150,20,218,167,51
2019-06-02,Sunday,Summer,holiday,34,110,22,166,123,43
2019-06-03,Monday,Summer,lecture,138,317,33,488,386,102
2019-06-04,Tuesday,Summer,lecture,133,338,25,496,387,109
2019-06-05,Wednesday,Summer,lecture,127,324,30,481,370,111
2019-06-06,Thursday,Summer,lecture,95,272,28,395,298,97
2019-06-07,Friday,Summer,lecture,97,235,35,367,298,69
2019-06-08,Saturday,Summer,holiday,49,151,16,216,160,56
2019-06-09,Sunday,Summer,holiday,37,138,24,199,142,57
2019-06-10,Monday,Summer,holiday,64,171,16,251,198,53
2019-06-11,Tuesday,Summer,exam,93,262,31,386,305,81
2019-06-12,Wednesday,Summer,exam,113,232,33,378,296,82
2019-06-13,Thursday,Summer,exam,95,236,30,361,267,94
2019-06-14,Friday,Summer,exam,97,207,35,339,268,71
2019-06-15,Saturday,Summer,holiday,55,157,22,234,173,61
2019-06-16,Sunday,Summer,holiday,43,136,20,199,153,46
2019-06-17,Monday,Summer,exam,107,257,40,404,315,89
2019-06-18,Tuesday,Summer,exam,88,252,24,364,276,88
2019-06-19,Wednesday,Summer,exam,84,222,27,333,255,78
2019-06-20,Thursday,Summer,exam,80,238,35,353,272,81
2019-06-21,Friday,Summer,exam,82,215,28,325,248,77
2019-06-22,Saturday,Summer,holiday,50,158,14,222,167,55
2019-06-23,Sunday,Summer,holiday,34,107,20,161,125,36
2019-06-24,Monday,Summer,exam,75,237,44,356,273,83
2019-06-25,Tuesday,Summer,exam,62,153,31,246,205,41
2019-06-26,Wednesday,Summer,exam,65,201,34,300,231,69
2019-06-27,Thursday,Summer,exam,84,224,41,349,264,85
2019-06-28,Friday,Summer,exam,69,174,34,277,220,57
2019-06-29,Saturday,Summer,holiday,32,106,23,161,127,34
2019-06-30,Sunday,Summer,holiday,26,92,13,131,105,26
2019-07-01,Monday,Summer,holiday,87,172,34,293,235,58
2019-07-02,Tuesday,Summer,holiday,72,155,42,269,210,59
2019-07-03,Wednesday,Summer,holiday,59,179,33,271,213,58
2019-07-04,Thursday,Summer,holiday,56,149,27,232,183,49
2019-07-05,Friday,Summer,holiday,59,144,31,234,171,63
2019-07-06,Saturday,Summer,holiday,41,111,14,166,133,33
2019-07-07,Sunday,Summer,holiday,15,34,6,55,38,17
2019-07-08,Monday,Summer,holiday,49,169,30,248,190,58
2019-07-09,Tuesday,Summer,holiday,44,141,29,214,166,48
2019-07-10,Wednesday,Summer,holiday,45,124,33,202,160,42
2019-07-11,Thursday,Summer,holiday,37,147,26,210,166,44
2019-07-12,Friday,Summer,holiday,42,105,19,166,122,44
2019-07-15,Monday,Summer,holiday,41,134,36,211,166,45
2019-07-16,Tuesday,Summer,holiday,44,111,37,192,141,51
2019-07-17,Wednesday,Summer,holiday,37,110,23,170,131,39
2019-07-18,Thursday,Summer,holiday,40,113,16,169,126,43
2019-07-19,Friday,Summer,holiday,30,103,28,161,126,35
2019-07-22,Monday,Summer,holiday,27,127,37,191,144,47
2019-07-23,Tuesday,Summer,holiday,23,87,18,128,100,28
2019-07-25,Thursday,Summer,holiday,16,54,13,83,74,9
2019-07-26,Friday,Summer,holiday,14,64,15,93,80,13
2019-07-29,Monday,Summer,holiday,28,103,40,171,137,34
2019-07-30,Tuesday,Summer,holiday,13,81,22,116,92,24
2019-07-31,Wednesday,Summer,holiday,23,91,28,142,117,25
2019-08-01,Thursday,Summer,holiday,24,89,26,139,101,38
2019-08-02,Friday,Summer,holiday,30,74,30,134,102,32
2019-08-05,Monday,Summer,holiday,38,127,37,202,152,50
2019-08-06,Tuesday,Summer,holiday,23,88,33,144,126,18
2019-08-07,Wednesday,Summer,holiday,26,72,30,128,93,35
2019-08-08,Thursday,Summer,holiday,28,96,26,150,115,35
2019-08-09,Friday,Summer,holiday,21,81,36,138,110,28
2019-08-12,Monday,Summer,holiday,46,96,43,185,149,36
2019-08-13,Tuesday,Summer,holiday,29,70,47,146,122,24
2019-08-14,Wednesday,Summer,holiday,14,35,18,67,50,17
2019-08-15,Thursday,Summer,holiday,38,93,34,165,127,38
2019-08-16,Friday,Summer,holiday,38,84,28,150,117,33
2019-08-19,Monday,Summer,holiday,31,120,51,202,167,35
2019-08-20,Tuesday,Summer,holiday,29,117,46,192,153,39
2019-08-21,Wednesday,Summer,holiday,23,99,34,156,118,38
2019-08-22,Thursday,Summer,holiday,31,100,35,166,137,29
2019-08-23,Friday,Summer,holiday,16,108,28,152,128,24
2019-08-24,Saturday,Summer,holiday,7,47,9,63,52,11
2019-08-25,Sunday,Summer,holiday,16,41,12,69,63,6
2019-08-26,Monday,Summer,holiday,41,124,39,204,164,40
2019-08-27,Tuesday,Summer,holiday,38,102,39,179,140,39
2019-08-28,Wednesday,Summer,holiday,31,149,41,221,181,40
2019-08-29,Thursday,Summer,holiday,43,122,32,197,154,43
2019-08-30,Friday,Summer,holiday,46,117,29,192,155,37
2019-08-31,Saturday,Summer,holiday,35,87,12,134,111,23
2019-09-01,Sunday,Fall,holiday,30,59,14,103,85,18
2019-09-02,Monday,Fall,lecture,67,235,57,359,284,75
2019-09-03,Tuesday,Fall,lecture,51,226,33,310,247,63
2019-09-04,Wednesday,Fall,lecture,52,236,42,330,245,85
2019-09-05,Thursday,Fall,lecture,85,253,27,365,282,83
2019-09-06,Friday,Fall,lecture,55,209,22,286,208,78
2019-09-07,Saturday,Fall,holiday,31,141,16,188,145,43
2019-09-08,Sunday,Fall,holiday,36,111,19,166,121,45
2019-09-09,Monday,Fall,lecture,116,340,40,496,366,130
2019-09-10,Tuesday,Fall,lecture,110,285,44,439,322,117
2019-09-11,Wednesday,Fall,lecture,87,238,26,351,266,85
2019-09-12,Thursday,Fall,lecture,108,267,28,403,298,105
2019-09-13,Friday,Fall,lecture,69,235,26,330,254,76
2019-09-14,Saturday,Fall,holiday,40,115,19,174,133,41
2019-09-15,Sunday,Fall,holiday,34,103,16,153,121,32
2019-09-16,Monday,Fall,lecture,121,331,53,505,390,115
2019-09-17,Tuesday,Fall,lecture,105,279,39,423,303,120
2019-09-18,Wednesday,Fall,lecture,110,271,38,419,310,109
2019-09-19,Thursday,Fall,lecture,114,246,40,400,301,99
2019-09-20,Friday,Fall,lecture,51,218,19,288,209,79
2019-09-21,Saturday,Fall,holiday,42,113,12,167,120,47
2019-09-22,Sunday,Fall,holiday,44,125,15,184,139,45
2019-09-23,Monday,Fall,lecture,134,323,45,502,377,125
2019-09-24,Tuesday,Fall,lecture,150,337,38,525,403,122
2019-09-25,Wednesday,Fall,lecture,119,311,50,480,355,125
2019-09-26,Thursday,Fall,lecture,90,257,35,382,293,89
2019-09-27,Friday,Fall,lecture,75,258,43,376,289,87
2019-09-28,Saturday,Fall,holiday,46,141,20,207,163,44
2019-09-29,Sunday,Fall,holiday,28,92,17,137,106,31
2019-09-30,Monday,Fall,lecture,141,303,42,486,374,112
2019-10-01,Tuesday,Fall,lecture,19,69,4,92,63,29
2019-10-02,Wednesday,Fall,lecture,103,315,42,460,326,134
2019-10-03,Thursday,Fall,lecture,108,215,33,356,276,80
2019-10-04,Friday,Fall,lecture,76,209,36,321,240,81
2019-10-05,Saturday,Fall,holiday,51,159,21,231,176,55
2019-10-06,Sunday,Fall,holiday,62,113,19,194,129,65
2019-10-07,Monday,Fall,lecture,156,334,40,530,412,118
2019-10-08,Tuesday,Fall,lecture,152,306,39,497,370,127
2019-10-09,Wednesday,Fall,lecture,143,311,27,481,343,138
2019-10-10,Thursday,Fall,lecture,124,291,34,449,331,118
2019-10-11,Friday,Fall,lecture,76,239,29,344,277,67
2019-10-12,Saturday,Fall,holiday,71,150,14,235,162,73
2019-10-13,Sunday,Fall,holiday,64,128,20,212,149,63
2019-10-14,Monday,Fall,lecture,163,385,57,605,459,146
2019-10-15,Tuesday,Fall,lecture,145,351,39,535,394,141
2019-10-16,Wednesday,Fall,lecture,135,329,42,506,396,110
2019-10-17,Thursday,Fall,lecture,93,288,40,421,321,100
2019-10-18,Friday,Fall,lecture,82,232,27,341,263,78
2019-10-19,Saturday,Fall,holiday,41,159,15,215,160,55
2019-10-20,Sunday,Fall,holiday,31,136,11,178,131,47
2019-10-21,Monday,Fall,lecture,54,243,32,329,241,88
2019-10-22,Tuesday,Fall,lecture,83,321,60,464,339,125
2019-10-23,Wednesday,Fall,lecture,70,311,34,415,308,107
2019-10-24,Thursday,Fall,lecture,92,272,22,386,289,97
2019-10-25,Friday,Fall,lecture,60,228,34,322,256,66
2019-10-26,Saturday,Fall,holiday,31,179,18,228,177,51
2019-10-27,Sunday,Fall,holiday,61,126,25,212,170,42
2019-10-28,Monday,Fall,lecture,139,306,33,478,362,116
2019-10-29,Tuesday,Fall,lecture,133,257,48,438,327,111
2019-10-30,Wednesday,Fall,lecture,130,271,34,435,327,108
2019-10-31,Thursday,Fall,lecture,106,230,43,379,291,88
2019-11-01,Friday,Fall,lecture,98,225,36,359,276,83
2019-11-02,Saturday,Fall,holiday,70,149,9,228,171,57
2019-11-03,Sunday,Fall,holiday,57,157,26,240,168,72
2019-11-04,Monday,Fall,lecture,135,277,61,473,351,122
2019-11-05,Tuesday,Fall,lecture,124,274,45,443,349,94
2019-11-06,Wednesday,Fall,lecture,113,243,47,403,286,117
2019-11-07,Thursday,Fall,lecture,98,196,33,327,239,88
2019-11-08,Friday,Fall,lecture,111,215,39,365,271,94
2019-11-09,Saturday,Fall,holiday,52,118,16,186,121,65
2019-11-10,Sunday,Fall,holiday,58,129,27,214,160,54
2019-11-11,Monday,Fall,lecture,114,366,44,524,387,137
2019-11-12,Tuesday,Fall,lecture,111,341,42,494,380,114
2019-11-13,Wednesday,Fall,lecture,128,369,38,535,402,133
2019-11-14,Thursday,Fall,lecture,86,264,46,396,282,114
2019-11-15,Friday,Fall,lecture,81,286,37,404,306,98
2019-11-16,Saturday,Fall,holiday,52,150,23,225,163,62
2019-11-17,Sunday,Fall,holiday,74,139,18,231,172,59
2019-11-18,Monday,Fall,lecture,158,393,40,591,449,142
2019-11-19,Tuesday,Fall,lecture,161,391,35,587,431,156
2019-11-20,Wednesday,Fall,lecture,144,391,33,568,417,151
2019-11-21,Thursday,Fall,lecture,134,328,36,498,365,133
2019-11-22,Friday,Fall,lecture,115,260,28,403,303,100
2019-11-23,Saturday,Fall,holiday,67,175,19,261,191,70
2019-11-24,Sunday,Fall,holiday,59,132,24,215,151,64
2019-11-25,Monday,Fall,lecture,166,357,46,569,412,157
2019-11-26,Tuesday,Fall,lecture,133,344,44,521,377,144
2019-11-27,Wednesday,Fall,lecture,124,338,41,503,382,121
2019-11-28,Thursday,Fall,lecture,131,299,44,474,358,116
2019-11-29,Friday,Fall,lecture,97,205,26,328,255,73
2019-11-30,Saturday,Fall,holiday,59,130,22,211,165,46
2019-12-01,Sunday,Winter,holiday,36,146,15,197,128,69
2019-12-02,Monday,Winter,lecture,139,337,47,523,397,126
2019-12-03,Tuesday,Winter,lecture,128,336,38,502,374,128
2019-12-04,Wednesday,Winter,lecture,143,295,22,460,332,128
2019-12-05,Thursday,Winter,lecture,141,435,69,645,484,161
2019-12-06,Friday,Winter,lecture,90,328,49,467,352,115
2019-12-07,Saturday,Winter,holiday,63,125,20,208,159,49
2019-12-08,Sunday,Winter,holiday,98,248,50,396,297,99
2019-12-09,Monday,Winter,lecture,152,309,42,503,387,116
2019-12-10,Tuesday,Winter,lecture,238,581,72,891,684,207
2019-12-11,Wednesday,Winter,lecture,261,567,63,891,622,269
2019-12-12,Thursday,Winter,lecture,232,480,83,795,594,201
2019-12-13,Friday,Winter,lecture,141,450,49,640,469,171
2019-12-14,Saturday,Winter,holiday,36,110,17,163,122,41
2019-12-15,Sunday,Winter,holiday,46,121,32,199,140,59
2019-12-16,Monday,Winter,lecture,249,526,81,856,676,180
2019-12-17,Tuesday,Winter,lecture,171,449,69,689,525,164
2019-12-18,Wednesday,Winter,lecture,136,263,33,432,320,112
2019-12-19,Thursday,Winter,lecture,135,403,51,589,464,125
2019-12-20,Friday,Winter,lecture,69,252,43,364,283,81
2019-12-21,Saturday,Winter,holiday,27,79,17,123,100,23
2019-12-22,Sunday,Winter,holiday,62,96,9,167,146,21
2019-12-23,Monday,Winter,holiday,58,156,40,254,209,45
2019-12-24,Tuesday,Winter,holiday,31,66,17,114,91,23
2019-12-26,Thursday,Winter,holiday,15,75,14,104,69,35
2019-12-27,Friday,Winter,holiday,47,113,37,197,165,32
2019-12-28,Saturday,Winter,holiday,20,60,14,94,72,22
2019-12-29,Sunday,Winter,holiday,50,62,21,133,108,25
2019-12-30,Monday,Winter,holiday,82,182,39,303,246,57
2020-01-02,Thursday,Winter,lecture,64,180,38,282,209,73
2020-01-03,Friday,Winter,lecture,86,184,40,310,249,61
2020-01-04,Saturday,Winter,holiday,73,156,33,262,199,63
2020-01-05,Sunday,Winter,holiday,78,229,29,336,256,80
2020-01-06,Monday,Winter,lecture,226,412,69,707,536,171
2020-01-07,Tuesday,Winter,lecture,178,379,48,605,464,141
2020-01-08,Wednesday,Winter,lecture,230,479,61,770,594,176
2020-01-09,Thursday,Winter,lecture,168,301,55,524,398,126
2020-01-10,Friday,Winter,lecture,163,432,64,659,524,135
2020-01-11,Saturday,Winter,holiday,124,269,29,422,310,112
2020-01-12,Sunday,Winter,holiday,125,266,29,420,319,101
2020-01-13,Monday,Winter,lecture,129,274,45,448,343,105
2020-01-14,Tuesday,Winter,lecture,131,273,49,453,356,97
2020-01-15,Wednesday,Winter,lecture,111,239,42,392,289,103
2020-01-16,Thursday,Winter,lecture,191,448,70,709,548,161
2020-01-17,Friday,Winter,lecture,162,420,61,643,481,162
2020-01-18,Saturday,Winter,holiday,93,259,29,381,294,87
2020-01-19,Sunday,Winter,holiday,82,226,36,344,258,86
2020-01-20,Monday,Winter,lecture,237,488,76,801,631,170
2020-01-21,Tuesday,Winter,lecture,166,414,53,633,471,162
2020-01-22,Wednesday,Winter,lecture,201,494,83,778,584,194
2020-01-23,Thursday,Winter,lecture,158,352,56,566,423,143
2020-01-24,Friday,Winter,lecture,138,344,66,548,442,106
2020-01-25,Saturday,Winter,holiday,62,138,14,214,178,36
2020-01-26,Sunday,Winter,holiday,41,135,24,200,159,41
2020-01-27,Monday,Winter,lecture,169,392,97,658,530,128
2020-01-28,Tuesday,Winter,lecture,152,319,76,547,404,143
2020-01-29,Wednesday,Winter,lecture,153,369,95,617,447,170
2020-01-30,Thursday,Winter,lecture,144,344,80,568,419,149
2020-01-31,Friday,Winter,lecture,93,256,45,394,308,86
2020-02-01,Saturday,Winter,holiday,78,198,35,311,225,86
2020-02-02,Sunday,Winter,holiday,83,178,30,291,227,64
2020-02-03,Monday,Winter,lecture,205,599,123,927,732,195
2020-02-04,Tuesday,Winter,lecture,165,637,80,882,675,207
2020-02-05,Wednesday,Winter,lecture,200,639,71,910,680,230
2020-02-06,Thursday,Winter,lecture,121,553,58,732,576,156
2020-02-07,Friday,Winter,lecture,117,434,68,619,459,160
2020-02-08,Saturday,Winter,holiday,61,238,29,328,246,82
2020-02-09,Sunday,Winter,holiday,32,71,14,117,92,25
2020-02-10,Monday,Winter,lecture,254,608,76,938,740,198
2020-02-11,Tuesday,Winter,lecture,261,637,83,981,731,250
2020-02-12,Wednesday,Winter,lecture,186,647,75,908,707,201
2020-02-13,Thursday,Winter,lecture,178,506,79,763,626,137
2020-02-14,Friday,Winter,lecture,144,463,58,665,497,168
2020-02-15,Saturday,Winter,holiday,93,253,25,371,285,86
2020-02-16,Sunday,Winter,holiday,63,140,25,228,176,52
2020-02-17,Monday,Winter,lecture,156,644,69,869,670,199
2020-02-18,Tuesday,Winter,lecture,143,586,80,809,611,198
2020-02-19,Wednesday,Winter,lecture,191,609,75,875,668,207
2020-02-20,Thursday,Winter,lecture,114,522,84,720,533,187
2020-02-21,Friday,Winter,lecture,105,485,58,648,496,152
2020-02-22,Saturday,Winter,holiday,81,290,54,425,326,99
2020-02-23,Sunday,Winter,holiday,72,247,45,364,267,97
2020-02-24,Monday,Winter,lecture,230,518,78,826,645,181
2020-02-25,Tuesday,Winter,lecture,230,657,92,979,713,266
2020-02-26,Wednesday,Winter,lecture,200,584,59,843,612,231
2020-02-27,Thursday,Winter,lecture,222,552,56,830,657,173
2020-02-28,Friday,Winter,lecture,190,425,76,691,507,184
2020-02-29,Saturday,Winter,holiday,85,219,22,326,248,78
2020-03-01,Sunday,Spring,holiday,95,227,44,366,281,85
2020-03-02,Monday,Spring,lecture,246,541,79,866,619,247
2020-03-03,Tuesday,Spring,lecture,222,423,51,696,488,208
2020-03-04,Wednesday,Spring,lecture,240,643,67,950,694,256
2020-03-05,Thursday,Spring,lecture,206,518,83,807,592,215
2020-03-06,Friday,Spring,lecture,156,428,54,638,490,148
2020-03-07,Saturday,Spring,holiday,113,277,30,420,300,120
2020-03-08,Sunday,Spring,holiday,44,118,18,180,138,42
2020-03-09,Monday,Spring,lecture,273,665,80,1018,790,228
2020-03-10,Tuesday,Spring,lecture,263,580,66,909,620,289
2020-03-11,Wednesday,Spring,lecture,278,563,84,925,670,255
2020-03-12,Thursday,Spring,lecture,135,341,47,523,425,98
2020-06-30,Tuesday,Summer,lecture,0,3,0,3,3,0
2020-07-01,Wednesday,Summer,lecture,21,49,11,81,67,14
2020-07-02,Thursday,Summer,lecture,8,49,10,67,47,20
2020-07-03,Friday,Summer,lecture,24,36,9,69,57,12
2020-07-04,Saturday,Summer,holiday,12,18,1,31,25,6
2020-07-05,Sunday,Summer,holiday,12,41,7,60,49,11
2020-07-06,Monday,Summer,lecture,24,37,10,71,56,15
2020-07-07,Tuesday,Summer,lecture,25,45,14,84,67,17
2020-07-08,Wednesday,Summer,lecture,18,50,11,79,66,13
2020-07-09,Thursday,Summer,lecture,12,21,6,39,34,5
2020-07-10,Friday,Summer,lecture,17,23,5,45,37,8
2020-07-13,Monday,Summer,lecture,13,26,11,50,42,8
2020-07-14,Tuesday,Summer,lecture,8,39,4,51,43,8
2020-07-15,Wednesday,Summer,lecture,13,31,6,50,40,10
2020-07-16,Thursday,Summer,lecture,9,32,11,52,41,11
2020-07-17,Friday,Summer,lecture,14,28,11,53,47,6
2020-07-20,Monday,Summer,lecture,12,26,4,42,37,5
2020-07-21,Tuesday,Summer,lecture,13,22,4,39,34,5
2020-07-22,Wednesday,Summer,lecture,18,21,8,47,41,6
2020-07-23,Thursday,Summer,lecture,8,23,6,37,31,6
2020-07-24,Friday,Summer,lecture,14,20,6,40,37,3
2020-07-27,Monday,Summer,lecture,9,21,2,32,27,5
2020-07-28,Tuesday,Summer,lecture,8,11,3,22,20,2
2020-07-29,Wednesday,Summer,lecture,9,18,4,31,27,4
2020-07-30,Thursday,Summer,lecture,9,15,2,26,22,4
2020-07-31,Friday,Summer,lecture,9,22,3,34,28,6
2020-08-03,Monday,Summer,lecture,5,13,1,19,15,4
2020-08-04,Tuesday,Summer,lecture,6,13,2,21,18,3
2020-08-05,Wednesday,Summer,lecture,10,8,5,23,22,1
2020-08-06,Thursday,Summer,lecture,5,10,4,19,18,1
2020-08-07,Friday,Summer,lecture,11,16,1,28,28,0
2020-08-10,Monday,Summer,lecture,8,28,9,45,40,5
2020-08-11,Tuesday,Summer,lecture,8,34,7,49,41,8
2020-08-12,Wednesday,Summer,lecture,18,27,10,55,51,4
2020-08-13,Thursday,Summer,lecture,12,39,12,63,54,9
2020-08-14,Friday,Summer,lecture,15,49,12,76,65,11
2020-08-17,Monday,Summer,lecture,11,22,12,45,33,12
2020-08-18,Tuesday,Summer,lecture,16,58,13,87,68,19
2020-08-19,Wednesday,Summer,lecture,17,61,15,93,78,15
2020-08-20,Thursday,Summer,lecture,18,57,11,86,71,15
2020-08-21,Friday,Summer,lecture,13,44,9,66,61,5
2020-08-24,Monday,Summer,lecture,29,67,24,120,103,17
2020-08-25,Tuesday,Summer,lecture,17,67,15,99,82,17
2020-08-26,Wednesday,Summer,lecture,24,62,27,113,97,16
2020-08-27,Thursday,Summer,lecture,28,64,15,107,82,25
2020-08-28,Friday,Summer,lecture,18,46,25,89,71,18
2020-08-29,Saturday,Summer,holiday,3,22,3,28,24,4
2020-08-30,Sunday,Summer,holiday,3,9,3,15,13,2
2020-08-31,Monday,Summer,lecture,35,103,33,171,133,38
2020-09-01,Tuesday,Fall,lecture,24,90,17,131,108,23
2020-09-02,Wednesday,Fall,lecture,31,101,23,155,120,35
2020-09-03,Thursday,Fall,lecture,25,99,22,146,111,35
2020-09-04,Friday,Fall,lecture,24,107,17,148,109,39
2020-09-05,Saturday,Fall,holiday,6,40,4,50,34,16
2020-09-06,Sunday,Fall,holiday,12,41,4,57,32,25
2020-09-07,Monday,Fall,lecture,35,93,23,151,115,36
2020-09-08,Tuesday,Fall,lecture,49,108,25,182,147,35
2020-09-09,Wednesday,Fall,lecture,38,100,25,163,126,37
2020-09-10,Thursday,Fall,lecture,40,126,22,188,140,48
2020-09-11,Friday,Fall,lecture,39,118,21,178,144,34
2020-09-12,Saturday,Fall,holiday,23,57,9,89,54,35
2020-09-13,Sunday,Fall,holiday,11,61,7,79,51,28
2020-09-14,Monday,Fall,lecture,36,141,27,204,157,47
2020-09-15,Tuesday,Fall,lecture,44,121,17,182,147,35
2020-09-16,Wednesday,Fall,lecture,41,126,23,190,139,51
2020-09-17,Thursday,Fall,lecture,43,113,22,178,136,42
2020-09-18,Friday,Fall,lecture,42,125,18,185,143,42
2020-09-19,Saturday,Fall,holiday,23,78,7,108,64,44
2020-09-20,Sunday,Fall,holiday,24,70,9,103,65,38
2020-09-21,Monday,Fall,lecture,35,123,26,184,142,42
2020-09-22,Tuesday,Fall,lecture,43,133,15,191,154,37
2020-09-23,Wednesday,Fall,lecture,45,123,17,185,149,36
2020-09-24,Thursday,Fall,lecture,40,112,22,174,130,44
2020-09-25,Friday,Fall,lecture,47,121,17,185,150,35
2020-09-26,Saturday,Fall,holiday,31,103,9,143,92,51
2020-09-27,Sunday,Fall,holiday,21,78,14,113,73,40
2020-09-28,Monday,Fall,lecture,46,105,24,175,141,34
2020-09-29,Tuesday,Fall,lecture,34,124,25,183,147,36
2020-09-30,Wednesday,Fall,lecture,43,107,22,172,126,46
2020-10-01,Thursday,Fall,lecture,36,114,18,168,134,34
2020-10-02,Friday,Fall,lecture,46,114,14,174,134,40
2020-10-03,Saturday,Fall,holiday,22,90,8,120,81,39
2020-10-04,Sunday,Fall,holiday,20,95,11,126,65,61
2020-10-05,Monday,Fall,lecture,44,128,21,193,148,45
2020-10-06,Tuesday,Fall,lecture,46,116,29,191,151,40
2020-10-07,Wednesday,Fall,lecture,48,118,17,183,138,45
2020-10-08,Thursday,Fall,lecture,26,112,17,155,118,37
2020-10-09,Friday,Fall,lecture,36,114,22,172,133,39
2020-10-10,Saturday,Fall,holiday,34,102,10,146,93,53
2020-10-11,Sunday,Fall,holiday,15,86,8,109,68,41
2020-10-12,Monday,Fall,lecture,36,110,27,173,136,37
2020-10-13,Tuesday,Fall,lecture,34,116,11,161,131,30
2020-10-14,Wednesday,Fall,lecture,39,117,23,179,134,45
2020-10-15,Thursday,Fall,lecture,32,118,12,162,128,34
2020-10-16,Friday,Fall,lecture,26,122,19,167,126,41
2020-10-17,Saturday,Fall,holiday,30,113,11,154,102,52
2020-10-18,Sunday,Fall,holiday,22,105,10,137,92,45
2020-10-19,Monday,Fall,lecture,42,130,21,193,139,54
2020-10-20,Tuesday,Fall,lecture,42,130,25,197,147,50
2020-10-21,Wednesday,Fall,lecture,38,122,23,183,144,39
2020-10-22,Thursday,Fall,lecture,35,122,22,179,136,43
2020-10-23,Friday,Fall,lecture,43,115,17,175,136,39
2020-10-24,Saturday,Fall,holiday,25,114,8,147,98,49
2020-10-25,Sunday,Fall,holiday,33,89,13,135,91,44
2020-10-26,Monday,Fall,lecture,46,109,26,181,144,37
2020-10-27,Tuesday,Fall,lecture,36,136,24,196,147,49
2020-10-28,Wednesday,Fall,lecture,32,95,18,145,110,35
2020-10-29,Thursday,Fall,lecture,27,56,13,96,76,20
2020-10-30,Friday,Fall,lecture,36,111,16,163,129,34
2020-10-31,Saturday,Fall,holiday,27,90,13,130,91,39
2020-11-01,Sunday,Fall,holiday,30,89,8,127,86,41
2020-11-02,Monday,Fall,lecture,22,125,22,169,121,48
2020-11-03,Tuesday,Fall,lecture,37,126,23,186,147,39
2020-11-04,Wednesday,Fall,lecture,40,121,24,185,142,43
2020-11-05,Thursday,Fall,lecture,30,122,28,180,133,47
2020-11-06,Friday,Fall,lecture,44,114,23,181,139,42
2020-11-07,Saturday,Fall,holiday,36,105,9,150,99,51
2020-11-08,Sunday,Fall,holiday,24,73,11,108,62,46
2020-11-09,Monday,Fall,lecture,36,120,32,188,149,39
2020-11-10,Tuesday,Fall,lecture,37,145,23,205,142,63
2020-11-11,Wednesday,Fall,lecture,40,143,24,207,155,52
2020-11-12,Thursday,Fall,lecture,28,129,20,177,129,48
2020-11-13,Friday,Fall,lecture,49,132,20,201,148,53
2020-11-14,Saturday,Fall,holiday,25,97,11,133,83,50
2020-11-15,Sunday,Fall,holiday,30,103,16,149,92,57
2020-11-16,Monday,Fall,lecture,50,133,28,211,156,55
2020-11-17,Tuesday,Fall,lecture,31,137,18,186,140,46
2020-11-18,Wednesday,Fall,lecture,28,100,17,145,104,41
2020-11-19,Thursday,Fall,lecture,32,123,15,170,129,41
2020-11-20,Friday,Fall,lecture,31,143,22,196,149,47
2020-11-21,Saturday,Fall,holiday,28,103,11,142,96,46
2020-11-22,Sunday,Fall,holiday,25,90,13,128,74,54
2020-11-23,Monday,Fall,lecture,44,134,29,207,162,45
2020-11-24,Tuesday,Fall,lecture,45,128,24,197,150,47
2020-11-25,Wednesday,Fall,lecture,38,118,24,180,137,43
2020-11-26,Thursday,Fall,lecture,31,114,20,165,129,36
2020-11-27,Friday,Fall,lecture,27,85,10,122,89,33
2020-11-28,Saturday,Fall,holiday,34,110,17,161,106,55
2020-11-29,Sunday,Fall,holiday,37,83,13,133,91,42
2020-11-30,Monday,Fall,lecture,39,126,32,197,152,45
2020-12-01,Tuesday,Winter,lecture,43,132,23,198,160,38
2020-12-02,Wednesday,Winter,lecture,42,115,20,177,129,48
2020-12-03,Thursday,Winter,lecture,35,129,24,188,146,42
2020-12-04,Friday,Winter,lecture,50,121,22,193,157,36
2020-12-05,Saturday,Winter,holiday,34,97,19,150,113,37
2020-12-06,Sunday,Winter,holiday,32,89,14,135,93,42
2020-12-07,Monday,Winter,lecture,39,142,33,214,166,48
2020-12-08,Tuesday,Winter,lecture,36,135,26,197,151,46
2020-12-09,Wednesday,Winter,lecture,40,131,27,198,159,39
2020-12-10,Thursday,Winter,lecture,38,110,24,172,141,31
2020-12-11,Friday,Winter,lecture,32,119,20,171,130,41
2020-12-12,Saturday,Winter,holiday,23,79,21,123,82,41
2020-12-14,Monday,Winter,lecture,26,95,23,144,115,29
2021-04-05,Monday,Spring,exam,1,2,0,3,2,1
2021-04-07,Wednesday,Spring,exam,0,1,0,1,1,0
2021-04-08,Thursday,Spring,exam,2,2,0,4,4,0
2021-04-12,Monday,Spring,lecture,1,3,0,4,3,1
2021-04-13,Tuesday,Spring,lecture,4,2,0,6,6,0
2021-04-14,Wednesday,Spring,lecture,0,8,1,9,8,1
2021-04-15,Thursday,Spring,lecture,3,3,0,6,4,2
2021-04-19,Monday,Spring,lecture,3,7,1,11,10,1
2021-04-20,Tuesday,Spring,lecture,3,4,0,7,6,1
2021-04-21,Wednesday,Spring,lecture,2,6,0,8,6,2
2021-04-22,Thursday,Spring,lecture,2,8,1,11,7,4
2021-04-23,Friday,Spring,lecture,3,2,0,5,5,0
2021-04-30,Friday,Spring,lecture,0,1,0,1,0,1
2021-05-03,Monday,Spring,lecture,2,1,0,3,3,0
2021-05-06,Thursday,Spring,lecture,1,3,1,5,4,1
2021-05-07,Friday,Spring,lecture,0,1,0,1,1,0
2021-05-10,Monday,Spring,lecture,0,2,0,2,2,0
2021-05-11,Tuesday,Spring,lecture,4,2,0,6,6,0
2021-05-12,Wednesday,Spring,lecture,2,3,0,5,3,2
2021-05-13,Thursday,Spring,lecture,1,1,0,2,2,0
2021-05-14,Friday,Spring,lecture,0,2,0,2,2,0
2021-05-17,Monday,Spring,lecture,2,1,0,3,3,0
2021-05-18,Tuesday,Spring,lecture,5,2,3,10,9,1
2021-05-19,Wednesday,Spring,lecture,59,124,15,198,148,50
2021-05-20,Thursday,Spring,lecture,3,7,4,14,10,4
2021-05-25,Tuesday,Spring,lecture,25,56,11,92,64,28
2021-05-26,Wednesday,Spring,lecture,47,122,26,195,143,52
2021-05-27,Thursday,Spring,lecture,44,125,32,201,140,61
2021-05-28,Friday,Spring,lecture,41,111,19,171,126,45
2021-05-29,Saturday,Spring,holiday,21,55,7,83,59,24
2021-05-30,Sunday,Spring,holiday,29,63,7,99,58,41
2021-05-31,Monday,Spring,lecture,50,119,20,189,131,58
2021-06-01,Tuesday,Summer,lecture,46,126,20,192,143,49
2021-06-02,Wednesday,Summer,lecture,48,115,13,176,133,43
2021-06-03,Thursday,Summer,lecture,36,128,22,186,145,41
2021-06-04,Friday,Summer,lecture,35,124,20,179,134,45
2021-06-05,Saturday,Summer,holiday,29,91,9,129,85,44
2021-06-06,Sunday,Summer,holiday,20,64,6,90,55,35
2021-06-07,Monday,Summer,exam,45,136,22,203,154,49
2021-06-08,Tuesday,Summer,exam,29,92,22,143,112,31
2021-06-09,Wednesday,Summer,exam,35,98,14,147,117,30
2021-06-10,Thursday,Summer,exam,41,105,23,169,140,29
2021-06-11,Friday,Summer,exam,34,115,20,169,125,44
2021-06-12,Saturday,Summer,holiday,31,93,9,133,86,47
2021-06-13,Sunday,Summer,holiday,25,70,6,101,63,38
2021-06-14,Monday,Summer,exam,49,122,33,204,154,50
2021-06-15,Tuesday,Summer,exam,33,111,21,165,125,40
2021-06-16,Wednesday,Summer,exam,36,94,19,149,107,42
2021-06-17,Thursday,Summer,exam,22,88,21,131,104,27
2021-06-18,Friday,Summer,exam,39,96,22,157,117,40
2021-06-19,Saturday,Summer,holiday,31,92,14,137,89,48
2021-06-20,Sunday,Summer,holiday,24,75,11,110,68,42
2021-06-21,Monday,Summer,exam,47,102,22,171,128,43
2021-06-22,Tuesday,Summer,exam,39,95,27,161,115,46
2021-06-23,Wednesday,Summer,exam,39,100,17,156,122,34
2021-06-24,Thursday,Summer,exam,41,99,25,165,119,46
2021-06-25,Friday,Summer,exam,30,96,18,144,110,34
2021-06-26,Saturday,Summer,holiday,23,71,15,109,77,32
2021-06-27,Sunday,Summer,holiday,15,66,13,94,65,29
2021-06-28,Monday,Summer,exam,27,80,24,131,97,34
2021-06-29,Tuesday,Summer,exam,29,80,22,131,100,31
2021-06-30,Wednesday,Summer,exam,29,73,20,122,91,31
2021-07-01,Thursday,Summer,exam,25,86,19,130,103,27
2021-07-02,Friday,Summer,exam,22,64,21,107,78,29
2021-07-03,Saturday,Summer,holiday,22,60,12,94,70,24
2021-07-04,Sunday,Summer,holiday,27,62,10,99,68,31
2021-07-05,Monday,Summer,exam,18,48,18,84,59,25
2021-07-06,Tuesday,Summer,exam,11,62,20,93,67,26
2021-07-07,Wednesday,Summer,exam,21,62,25,108,76,32
2021-07-08,Thursday,Summer,exam,23,61,15,99,79,20
2021-07-09,Friday,Summer,exam,18,44,18,80,62,18
2021-07-10,Saturday,Summer,holiday,18,64,11,93,65,28
2021-07-11,Sunday,Summer,holiday,11,58,9,78,50,28
2021-07-12,Monday,Summer,holiday,19,41,24,84,65,19
2021-07-13,Tuesday,Summer,holiday,17,50,17,84,61,23
2021-07-14,Wednesday,Summer,holiday,19,51,18,88,72,16
2021-07-15,Thursday,Summer,holiday,12,51,16,79,58,21
2021-07-16,Friday,Summer,holiday,14,53,15,82,62,20
2021-07-19,Monday,Summer,holiday,7,42,12,61,45,16
2021-07-20,Tuesday,Summer,holiday,15,51,11,77,55,22
2021-07-21,Wednesday,Summer,holiday,14,46,18,78,60,18
2021-07-22,Thursday,Summer,holiday,10,39,8,57,35,22
2021-07-23,Friday,Summer,holiday,15,53,14,82,57,25
2021-07-26,Monday,Summer,holiday,8,55,15,78,64,14
2021-07-27,Tuesday,Summer,holiday,14,42,16,72,61,11
2021-07-28,Wednesday,Summer,holiday,11,37,16,64,52,12
2021-07-29,Thursday,Summer,holiday,20,45,7,72,57,15
2021-07-30,Friday,Summer,holiday,12,45,10,67,49,18
2021-08-02,Monday,Summer,holiday,20,104,32,156,114,42
2021-08-03,Tuesday,Summer,holiday,11,64,13,88,54,34
2021-08-04,Wednesday,Summer,holiday,16,50,15,81,61,20
2021-08-05,Thursday,Summer,holiday,16,51,5,72,49,23
2021-08-06,Friday,Summer,holiday,10,52,18,80,56,24
2021-08-09,Monday,Summer,holiday,19,46,24,89,67,22
2021-08-10,Tuesday,Summer,holiday,12,43,13,68,45,23
2021-08-11,Wednesday,Summer,holiday,17,49,15,81,54,27
2021-08-12,Thursday,Summer,holiday,9,49,14,72,48,24
2021-08-13,Friday,Summer,holiday,17,48,12,77,59,18
2021-08-16,Monday,Summer,holiday,20,48,31,99,67,32
2021-08-17,Tuesday,Summer,holiday,20,77,20,117,89,28
2021-08-18,Wednesday,Summer,holiday,8,18,9,35,24,11
2021-08-19,Thursday,Summer,holiday,7,31,6,44,28,16
2021-08-20,Friday,Summer,holiday,14,50,15,79,64,15
2021-08-21,Saturday,Summer,holiday,8,45,5,58,45,13
2021-08-22,Sunday,Summer,holiday,11,49,14,74,50,24
2021-08-23,Monday,Summer,holiday,24,77,26,127,89,38
2021-08-24,Tuesday,Summer,holiday,31,83,25,139,93,46
2021-08-25,Wednesday,Summer,holiday,29,74,22,125,86,39
2021-08-26,Thursday,Summer,holiday,28,81,12,121,83,38
2021-08-27,Friday,Summer,holiday,30,90,20,140,92,48
2021-08-28,Saturday,Summer,holiday,29,66,6,101,74,27
2021-08-29,Sunday,Summer,holiday,19,59,8,86,59,27
2021-08-30,Monday,Summer,holiday,27,84,27,138,112,26
2021-08-31,Tuesday,Summer,holiday,25,70,20,115,92,23
2021-09-01,Wednesday,Fall,holiday,25,82,25,132,104,28
2021-09-02,Thursday,Fall,holiday,24,73,22,119,97,22
2021-09-03,Friday,Fall,holiday,23,78,27,128,94,34
2021-09-04,Saturday,Fall,holiday,20,62,14,96,69,27
2021-09-05,Sunday,Fall,holiday,27,68,8,103,78,25
2021-09-06,Monday,Fall,lecture,32,117,32,181,134,47
2021-09-07,Tuesday,Fall,lecture,39,115,24,178,138,40
2021-09-08,Wednesday,Fall,lecture,23,120,22,165,129,36
2021-09-09,Thursday,Fall,lecture,35,119,19,173,136,37
2021-09-10,Friday,Fall,lecture,37,133,24,194,162,32
2021-09-11,Saturday,Fall,holiday,36,124,13,173,107,66
2021-09-12,Sunday,Fall,holiday,27,107,9,143,98,45
2021-09-13,Monday,Fall,lecture,53,156,32,241,190,51
2021-09-14,Tuesday,Fall,lecture,59,161,19,239,189,50
2021-09-15,Wednesday,Fall,lecture,58,167,19,244,184,60
2021-09-16,Thursday,Fall,lecture,71,160,21,252,198,54
2021-09-17,Friday,Fall,lecture,53,126,16,195,157,38
2021-09-18,Saturday,Fall,holiday,32,102,12,146,104,42
2021-09-19,Sunday,Fall,holiday,22,96,11,129,87,42
2021-09-20,Monday,Fall,lecture,52,152,24,228,184,44
2021-09-21,Tuesday,Fall,lecture,78,143,15,236,185,51
2021-09-22,Wednesday,Fall,lecture,53,143,17,213,167,46
2021-09-23,Thursday,Fall,lecture,56,138,18,212,168,44
2021-09-24,Friday,Fall,lecture,53,118,28,199,160,39
2021-09-25,Saturday,Fall,holiday,36,108,11,155,111,44
2021-09-26,Sunday,Fall,holiday,37,91,11,139,88,51
2021-09-27,Monday,Fall,lecture,62,150,32,244,188,56
2021-09-28,Tuesday,Fall,lecture,62,148,19,229,184,45
2021-09-29,Wednesday,Fall,lecture,52,162,31,245,186,59
2021-09-30,Thursday,Fall,lecture,71,155,26,252,209,43
2021-10-01,Friday,Fall,lecture,50,134,19,203,163,40
2021-10-02,Saturday,Fall,holiday,46,104,20,170,133,37
2021-10-03,Sunday,Fall,holiday,33,92,19,144,88,56
2021-10-04,Monday,Fall,lecture,72,157,37,266,205,61
2021-10-05,Tuesday,Fall,lecture,72,144,25,241,192,49
2021-10-06,Wednesday,Fall,lecture,72,162,39,273,224,49
2021-10-07,Thursday,Fall,lecture,53,151,29,233,180,53
2021-10-08,Friday,Fall,lecture,50,119,27,196,156,40
2021-10-09,Saturday,Fall,holiday,34,115,11,160,109,51
2021-10-10,Sunday,Fall,holiday,32,77,13,122,78,44
2021-10-11,Monday,Fall,lecture,54,177,33,264,208,56
2021-10-12,Tuesday,Fall,lecture,71,161,29,261,209,52
2021-10-13,Wednesday,Fall,lecture,58,167,32,257,210,47
2021-10-14,Thursday,Fall,lecture,56,161,28,245,210,35
2021-10-15,Friday,Fall,lecture,49,146,27,222,179,43
2021-10-16,Saturday,Fall,holiday,37,98,11,146,104,42
2021-10-17,Sunday,Fall,holiday,28,100,18,146,100,46
2021-10-18,Monday,Fall,lecture,36,175,31,242,193,49
2021-10-19,Tuesday,Fall,lecture,45,178,21,244,194,50
2021-10-20,Wednesday,Fall,lecture,44,172,29,245,183,62
2021-10-21,Thursday,Fall,lecture,43,152,26,221,182,39
2021-10-22,Friday,Fall,lecture,31,145,20,196,150,46
2021-10-23,Saturday,Fall,holiday,33,118,18,169,120,49
2021-10-24,Sunday,Fall,holiday,30,117,14,161,106,55
2021-10-25,Monday,Fall,lecture,76,194,27,297,245,52
2021-10-26,Tuesday,Fall,lecture,64,186,33,283,225,58
2021-10-27,Wednesday,Fall,lecture,62,182,32,276,215,61
2021-10-28,Thursday,Fall,lecture,63,152,21,236,186,50
2021-10-29,Friday,Fall,lecture,68,124,21,213,166,47
2021-10-30,Saturday,Fall,holiday,38,120,12,170,108,62
2021-10-31,Sunday,Fall,holiday,33,126,13,172,119,53
2021-11-01,Monday,Fall,exam,61,169,37,267,214,53
2021-11-02,Tuesday,Fall,exam,75,152,21,248,194,54
2021-11-03,Wednesday,Fall,exam,58,145,34,237,189,48
2021-11-04,Thursday,Fall,exam,48,134,25,207,169,38
2021-11-05,Friday,Fall,exam,50,131,23,204,158,46
2021-11-06,Saturday,Fall,holiday,41,137,10,188,135,53
2021-11-07,Sunday,Fall,holiday,35,110,15,160,107,53
2021-11-08,Monday,Fall,exam,71,148,33,252,201,51
2021-11-09,Tuesday,Fall,exam,62,155,22,239,185,54
2021-11-10,Wednesday,Fall,exam,58,133,31,222,173,49
2021-11-11,Thursday,Fall,exam,48,119,29,196,154,42
2021-11-12,Friday,Fall,exam,42,94,21,157,120,37
2021-11-13,Saturday,Fall,holiday,48,96,15,159,111,48
2021-11-14,Sunday,Fall,holiday,32,122,18,172,129,43
2021-11-15,Monday,Fall,lecture,56,186,35,277,222,55
2021-11-16,Tuesday,Fall,lecture,64,185,17,266,212,54
2021-11-17,Wednesday,Fall,lecture,43,182,32,257,199,58
2021-11-18,Thursday,Fall,lecture,49,156,19,224,175,49
2021-11-19,Friday,Fall,lecture,60,134,29,223,177,46
2021-11-20,Saturday,Fall,holiday,53,127,8,188,130,58
2021-11-21,Sunday,Fall,holiday,50,87,13,150,97,53
2021-11-22,Monday,Fall,lecture,81,199,37,317,252,65
2021-11-23,Tuesday,Fall,lecture,89,198,22,309,245,64
2021-11-24,Wednesday,Fall,lecture,74,180,29,283,219,64
2021-11-25,Thursday,Fall,lecture,74,184,28,286,218,68
2021-11-26,Friday,Fall,lecture,47,133,21,201,159,42
2021-11-27,Saturday,Fall,holiday,38,133,8,179,123,56
2021-11-28,Sunday,Fall,holiday,39,97,10,146,92,54
2021-11-29,Monday,Fall,lecture,46,119,18,183,138,45
2021-11-30,Tuesday,Fall,lecture,56,129,7,192,139,53
2021-12-01,Wednesday,Winter,lecture,31,128,17,176,135,41
